{"cameraMode":{"drawMode":0,"name":"Shaded","section":"Shading Mode"},"sceneLighting":true,"audioPlay":false,"sceneViewState":{"showFog":true,"showMaterialUpdate":false,"showSkybox":true,"showFlares":true,"showImageEffects":true,"showParticleSystems":true},"in2DMode":false,"pivot":{"x":15.999865531921387,"y":0.8735643625259399,"z":0.03007364273071289},"rotation":{"x":-0.08582716435194016,"y":0.1759919822216034,"z":-0.0154048390686512,"w":-0.9805219173431397},"size":6.004826068878174,"orthographic":false}