{"cameraMode":{"drawMode":0,"name":"Shaded","section":"Shading Mode"},"sceneLighting":true,"audioPlay":false,"sceneViewState":{"showFog":true,"showMaterialUpdate":false,"showSkybox":true,"showFlares":true,"showImageEffects":true,"showParticleSystems":true},"in2DMode":false,"pivot":{"x":16.0,"y":2.9551682472229006,"z":1.999997615814209},"rotation":{"x":-0.24091292917728425,"y":-0.005242921877652407,"z":0.0013021965278312564,"w":-0.970531702041626},"size":10.289641380310059,"orthographic":false}